Year,Name, MeanAvgTemperature, mcnt
1940,DUNCAN, M,7219
1940,MERRIMAN, M,495
1940,MCCOOK, M,164
1940,NORFOLK CY AUDITORIUM, M,6938
1940,NORFOLK KARL STEFAN AP, M,2101
1940,LEXINGTON KELLY FLD, M,4229
1940,LEXINGTON 7 ESE, M,5538
1940,TRYON, M,2558
1940,Scottsbluff Area, M,90
1940,Grand Island Area,50.5,0
1940,North Platte Area,49.5,0
1940,Lincoln Area,51.6,2
1940,Norfolk Area, M,102
1940,Omaha Area,51.4,1
1940,Valentine Area, M,6
1940,OMAHA WSFO, M,5387
1940,CLAY CTR 6 ESE, M,230
1940,OMAHA EPPLEY AIRFIELD,51.4,1
1940,CHADRON MUNI AP, M,44
1940,BURWELL, M,3090
1940,FALLS CITY, M,52
1940,FALLS CITY BRENNER FLD, M,141
1940,ENDERS LAKE, M,4272
1940,GENEVA, M,51
1940,MINDEN, M,140
1940,HAYES CENTER, M,192
1940,IMPERIAL MUNI AP, M,4197
1940,IMPERIAL, M,226
1940,HASTINGS 4 N, M,211
1940,FAIRMONT, M,607
1940,CURTIS 3 NNE, M,302
1940,CRETE, M,254
1940,NEBRASKA CITY 1 NW, M,75
1940,SYRACUSE, M,700
1940,FRIEND 3E, M,6462
1940,KEARNEY MUNI AP, M,7216
1940,KEARNEY 4 NE, M,212
1940,ELM CREEK 1 SSW, M,3413
1940,MC COOL JUNCTION, M,7306
1940,LEXINGTON, M,3817
1940,LINCOLN UNIV PWR PLT, M,5722
1940,LINCOLN UNIV CAMPUS, M,1145
1940,LINCOLN UNIV FARM, M,7072
1940,WEEPING WATER, M,85
1940,LINCOLN AGRNMY FARM, M,12
1940,LINCOLN AFB, M,3832
1940,FREMONT, M,135
1940,ARCADIA, M,7306
1940,BROKEN BOW 2 W, M,304
1940,STAPLETON 5 SSE, M,153
1940,OSHKOSH, M,135
1940,COLUMBUS 3 NE, M,221
1940,GENOA 2 W, M,265
1940,NORTH LOUP, M,261
1940,BLAIR, M,324
1940,GREELEY, M,4887
1940,COMSTOCK, M,7292
1940,ARTHUR, M,280
1940,ALBION, M,555
1940,BRIDGEPORT, M,172
1940,DODGE, M,7255
1940,HOWELLS, M,7305
1940,CLARKSON, M,450
1940,TEKAMAH, M,479
1940,CRESCENT LAKE, M,671
1940,WEST POINT, M,361
1940,MADISON 2W, M,166
1940,ERICSON 6 WNW, M,7306
1940,SCOTTSBLUFF HEILIG AP, M,90
1940,HALSEY 2 W, M,320
1940,MINATARE DAM, M,2697
1940,STANTON, M,155
1940,MITCHELL 5 E, M,188
1940,LINCOLN MUNI AP, M,4933
1940,YORK, M,87
1940,AURORA, M,5911
1940,MADRID, M,313
1940,SEWARD, M,279
1940,UTICA, M,7306
1940,GOTHENBURG, M,68
1940,GRAND ISLAND AP,50.5,0
1940,CAIRO, M,7306
1940,RAVENNA, M,91
1940,ASHLAND 2, M,936
1940,NORTH PLATTE EXP FM, M,6880
1940,BIG SPRINGS, M,488
1940,BELLEVUE OFFUTT AFB, M,3303
1940,CENTRAL CITY, M,280
1940,NORTH PLATTE RGNL AP, M,2922
1940,NORTH PLATTE, M,3778
1940,OGALLALA, M,78
1940,SIDNEY MUNI AP, M,2934
1940,SIDNEY 6 NNW, M,245
1940,OSCEOLA, M,358
1940,LODGEPOLE, M,433
1940,SAINT PAUL, M,55
1940,KINGSLEY DAM, M,280
1940,KIMBALL 2NE, M,268
1940,ELKHORN 1 NW, M,7275
1940,DAVID CITY, M,234
1940,LOUP CITY, M,257
1940,CANADAY STEAM PLT, M,4173
1940,HARDY, M,6758
1940,SUPERIOR 4E, M,7305
1940,HAIGLER, M,4771
1940,PAWNEE CITY 5 SE, M,5491
1940,NAPONEE, M,7306
1940,HARLAN CO LAKE, M,3754
1940,LEBANON, M,7306
1940,TRENTON 8 SSW, M,7275
1940,BENKELMAN, M,242
1940,PAWNEE CITY, M,166
1940,WYMORE, M,7305
1940,FAIRBURY, M,351
1940,RED CLOUD, M,116
1940,FRANKLIN, M,482
1940,ALMA, M,419
1940,BEAVER CITY, M,183
1940,HEBRON, M,261
1940,TRENTON DAM, M,3469
1940,STRATTON, M,7275
1940,NELSON, M,153
1940,CULBERTSON, M,69
1940,BEATRICE, M,340
1940,ROSEMONT 2 S, M,2080
1940,OXFORD, M,4364
1940,CAMBRIDGE, M,578
1940,INDIANOLA 2 N, M,5701
1940,BRUNING STATE AP, M,6868
1940,SEDAN, M,7306
1940,AUBURN 5 ESE, M,965
1940,TECUMSEH, M,76
1940,MEDICINE CREEK DAM, M,4312
1940,HOLDREGE, M,45
1940,HOLDREGE 1 E, M,7155
1940,NORFOLK, M,5307
1940,HYANNIS, M,302
1940,OAKDALE, M,212
1940,EWING 12 S, M,7276
1940,CHAMBERS, M,164
1940,PURDUM, M,151
1940,MULLEN, M,928
1940,ALLIANCE, M,129
1940,BOX BUTTE EXP STN, M,303
1940,WALTHILL, M,533
1940,ELSMERE, M,6057
1940,WAKEFIELD, M,354
1940,EWING, M,172
1940,MULLEN 21 NW, M,5366
1940,NE NEBRASKA EXP STN, M,6398
1940,OSMOND, M,522
1940,CREIGHTON, M,5679
1940,ONEILL AFB, M,7277
1940,O NEILL, M,829
1940,ATKINSON 3SW, M,744
1940,AINSWORTH, M,26
1940,VALENTINE NWR, M,3134
1940,HARTINGTON, M,50
1940,NEWPORT, M,734
1940,NENZEL 20 S, M,1202
1940,HAY SPRINGS, M,47
1940,FT ROBINSON, M,811
1940,HARRISON, M,196
1940,NIOBRARA, M,1108
1940,SPRINGVIEW, M,2829
1940,GORDON 6 N, M,381
1940,VALENTINE MILLER FLD, M,6
1940,BUTTE, M,85
1965,MERRIMAN, M,158
1965,MCCOOK, M,2669
1965,MCCOOK MUNI AP, M,1595
1965,NORFOLK KARL STEFAN AP,48.1,1
1965,LEXINGTON KELLY FLD, M,1076
1965,LEXINGTON 7 ESE, M,1064
1965,CLAY CTR, M,2428
1965,CLAY CTR 6 ESE, M,301
1965,OMAHA EPPLEY AIRFIELD,51,0
1965,CHADRON MUNI AP,47.4,2
1965,BURWELL, M,195
1965,FALLS CITY,53.4,3
1965,FALLS CITY BRENNER FLD, M,15
1965,ENDERS LAKE, M,12
1965,GENEVA, M,17
1965,MINDEN, M,48
1965,HAYES CENTER, M,35
1965,IMPERIAL MUNI AP, M,1046
1965,IMPERIAL,50.8,3
1965,HASTINGS 4 N, M,217
1965,FAIRMONT, M,151
1965,CURTIS 3 NNE, M,17
1965,CRETE, M,6
1965,NEBRASKA CITY 2NW, M,22
1965,SYRACUSE, M,82
1965,ROCA 6NNE, M,3653
1965,KEARNEY 4 NE, M,25
1965,LINCOLN COLLEGE VIEW, M,3170
1965,WELLFLEET, M,3604
1965,LINCOLN UNIV PWR PLT, M,123
1965,WALLACE 2 W, M,49
1965,WEEPING WATER, M,236
1965,LINCOLN AGRNMY FARM, M,2260
1965,TRYON, M,306
1965,Scottsbluff Area,48.1,3
1965,Grand Island Area,50,0
1965,North Platte Area,47.6,0
1965,Lincoln Area,51.4,0
1965,Norfolk Area,48.1,1
1965,Omaha Area,51,0
1965,Valentine Area,46.8,3
1965,OMAHA WSFO, M,18
1965,FREMONT, M,23
1965,ARCADIA, M,3623
1965,BROKEN BOW 2 W, M,82
1965,ARNOLD, M,3519
1965,STAPLETON 5 SSE,48.5,5
1965,OSHKOSH, M,18
1965,DALTON,49.3,4
1965,COLUMBUS 3 NE, M,36
1965,GENOA 2 W,49.3,2
1965,NORTH LOUP, M,140
1965,BLAIR, M,34
1965,GREELEY, M,29
1965,ARTHUR, M,33
1965,ORD, M,3262
1965,ANSELMO 2 SE, M,319
1965,ALBION, M,95
1965,BRIDGEPORT, M,14
1965,HARRISBURG 12WNW, M,26
1965,CLARKSON, M,100
1965,TEKAMAH, M,253
1965,TAYLOR, M,3448
1965,CRESCENT LAKE, M,131
1965,WEST POINT, M,25
1965,MADISON 2W, M,11
1965,SCOTTSBLUFF HEILIG AP,48.1,3
1965,HALSEY 2 W, M,118
1965,STANTON, M,47
1965,BREWSTER, M,57
1965,MITCHELL 5 E, M,13
1965,CANADAY STEAM PLT, M,100
1965,SUPERIOR 4E, M,214
1965,GUIDE ROCK, M,3387
1965,HARLAN CO LAKE, M,11
1965,BENKELMAN, M,19
1965,PAWNEE CITY, M,51
1965,FAIRBURY, M,16
1965,RED CLOUD, M,19
1965,FRANKLIN, M,26
1965,ALMA, M,40
1965,BEAVER CITY, M,15
1965,HEBRON,51.4,2
1965,TRENTON DAM,49.9,4
1965,TABLE ROCK 4 N, M,3650
1965,CULBERTSON, M,190
1965,BEATRICE, M,16
1965,ROSEMONT 2 S, M,2503
1965,CAMBRIDGE, M,9
1965,RAGAN, M,3645
1965,AUBURN 5 ESE, M,37
1965,TECUMSEH, M,24
1965,MEDICINE CREEK DAM, M,154
1965,RED WILLOW DAM, M,127
1965,HOLDREGE, M,6
1965,HOLDREGE 1 E, M,2648
1965,LINCOLN MUNI AP, M,2800
1965,YORK, M,8
1965,AURORA, M,29
1965,MADRID, M,7
1965,SEWARD, M,34
1965,GOTHENBURG, M,11
1965,GRAND ISLAND AP,50,0
1965,RAVENNA,50.1,5
1965,ASHLAND 2, M,160
1965,OCONTO, M,53
1965,NORTH PLATTE EXP FM, M,48
1965,BIG SPRINGS, M,503
1965,BELLEVUE OFFUTT AFB, M,1512
1965,ULYSSES 3 NNE, M,3340
1965,CENTRAL CITY, M,7
1965,NORTH PLATTE RGNL AP,47.6,0
1965,OGALLALA, M,44
1965,SIDNEY MUNI AP, M,8
1965,SIDNEY 6 NNW, M,62
1965,MEAD 6 S, M,1397
1965,OSCEOLA, M,66
1965,HERSHEY 5 SSE, M,474
1965,LODGEPOLE, M,16
1965,WAHOO, M,108
1965,SAINT PAUL, M,135
1965,KINGSLEY DAM, M,16
1965,KIMBALL 2NE, M,11
1965,DAVID CITY, M,13
1965,LOUP CITY, M,119
1965,HYANNIS, M,2022
1965,OAKDALE, M,10
1965,CHAMBERS, M,1932
1965,PURDUM, M,43
1965,MULLEN, M,278
1965,ALLIANCE, M,21
1965,BOX BUTTE EXP STN, M,34
1965,WALTHILL, M,460
1965,ROSE 10 WNW, M,2503
1965,ELSMERE, M,95
1965,WAKEFIELD,48.1,5
1965,EWING, M,39
1965,BROWNLEE, M,1209
1965,MULLEN 21 NW, M,304
1965,ELLSWORTH 15 NNE, M,16
1965,NE NEBRASKA EXP STN, M,265
1965,OSMOND, M,109
1965,HEMINGFORD, M,31
1965,AGATE 3 E, M,1475
1965,CREIGHTON, M,26
1965,O NEILL, M,17
1965,HAY SPRINGS 12 S, M,68
1965,ATKINSON 3SW, M,39
1965,AINSWORTH, M,9
1965,VALENTINE NWR, M,37
1965,HARTINGTON, M,43
1965,BLOOMFIELD, M,3641
1965,NEWPORT, M,10
1965,NENZEL 20 S, M,70
1965,HAY SPRINGS, M,118
1965,FT ROBINSON, M,499
1965,HARRISON, M,33
1965,RUSHVILLE, M,3419
1965,NIOBRARA, M,41
1965,SPENCER 5 SSE, M,3262
1965,SPRINGVIEW, M,35
1965,GORDON 6 N, M,96
1965,GAVINS POINT DAM, M,19
1965,VALENTINE MILLER FLD,46.8,3
1965,BUTTE, M,87
1975,OMAHA EPPLEY AIRFIELD,50.2,3
1975,CHADRON MUNI AP,48.1,0
1975,BURWELL, M,1570
1975,FALLS CITY, M,1145
1975,FALLS CITY BRENNER FLD, M,226
1975,TRYON, M,2447
1975,Scottsbluff Area,49.5,1
1975,Grand Island Area,49.8,0
1975,North Platte Area,47.9,0
1975,Lincoln Area,50.5,2
1975,Norfolk Area,48.6,0
1975,Omaha Area,50.3,1
1975,Valentine Area,46.8,4
1975,OMAHA WSFO,49.9,0
1975,MERRIMAN, M,126
1975,NENZEL 23 SSW, M,2945
1975,OVERTON 3 W, M,3389
1975,BEATRICE 1N, M,3595
1975,CRAWFORD, M,3607
1975,MCCOOK MUNI AP, M,258
1975,NORFOLK KARL STEFAN AP,48.6,0
1975,CLAY CTR, M,105
1975,CANADAY STEAM PLT, M,136
1975,SUPERIOR 4E, M,7
1975,GUIDE ROCK, M,3514
1975,HARLAN CO LAKE, M,56
1975,BENKELMAN, M,197
1975,PAWNEE CITY, M,259
1975,FAIRBURY, M,111
1975,RED CLOUD, M,124
1975,FRANKLIN, M,25
1975,ALMA, M,2442
1975,BEAVER CITY, M,51
1975,HEBRON, M,41
1975,TRENTON DAM, M,617
1975,TABLE ROCK 4 N, M,3432
1975,CULBERTSON, M,52
1975,BEATRICE, M,135
1975,CAMBRIDGE, M,26
1975,RAGAN, M,3233
1975,AUBURN 5 ESE, M,23
1975,TECUMSEH, M,26
1975,MEDICINE CREEK DAM, M,216
1975,RED WILLOW DAM, M,999
1975,HOLDREGE, M,155
1975,ENDERS LAKE, M,137
1975,GENEVA, M,120
1975,MINDEN, M,20
1975,HAYES CENTER, M,147
1975,IMPERIAL, M,11
1975,HASTINGS 4 N, M,72
1975,FAIRMONT, M,13
1975,CURTIS 3 NNE, M,744
1975,CRETE, M,39
1975,NEBRASKA CITY 2NW, M,65
1975,SYRACUSE, M,258
1975,KEARNEY 4 NE, M,305
1975,LINCOLN COLLEGE VIEW, M,3594
1975,LINCOLN UNIV PWR PLT, M,132
1975,WALLACE 2 W, M,75
1975,WEEPING WATER, M,102
1975,LINCOLN MUNI AP,50.5,2
1975,YORK, M,41
1975,AURORA, M,40
1975,MADRID, M,28
1975,SEWARD, M,15
1975,GOTHENBURG, M,169
1975,GRAND ISLAND AP,49.8,0
1975,RAVENNA, M,60
1975,ASHLAND 2, M,238
1975,OCONTO, M,388
1975,NORTH PLATTE EXP FM, M,167
1975,BIG SPRINGS, M,294
1975,CENTRAL CITY, M,38
1975,NORTH PLATTE RGNL AP,47.9,0
1975,OGALLALA, M,433
1975,SIDNEY MUNI AP, M,24
1975,SIDNEY 6 NNW, M,308
1975,MEAD 6 S, M,283
1975,OSCEOLA, M,127
1975,HERSHEY 5 SSE, M,695
1975,LODGEPOLE, M,506
1975,WAHOO, M,239
1975,SAINT PAUL, M,364
1975,KINGSLEY DAM, M,215
1975,POTTER, M,3654
1975,KIMBALL 2NE, M,14
1975,DAVID CITY, M,12
1975,LOUP CITY, M,190
1975,BENNINGTON 3 WSW, M,3450
1975,FREMONT, M,12
1975,BROKEN BOW 2 W, M,83
1975,ARNOLD, M,3120
1975,STAPLETON 5 SSE, M,499
1975,OSHKOSH, M,102
1975,DALTON, M,85
1975,SCHUYLER, M,3379
1975,COLUMBUS 3 NE, M,46
1975,GENOA 2 W,49.4,3
1975,NORTH LOUP, M,21
1975,BLAIR, M,194
1975,GREELEY, M,75
1975,ARTHUR, M,293
1975,ORD, M,3623
1975,ANSELMO 2 SE, M,145
1975,TRYON 6 NE, M,2507
1975,ALBION, M,39
1975,BRIDGEPORT, M,15
1975,HARRISBURG 12WNW, M,19
1975,HOWELLS, M,3287
1975,CLARKSON, M,45
1975,TEKAMAH, M,391
1975,CRESCENT LAKE, M,105
1975,WEST POINT, M,39
1975,MADISON 2W, M,109
1975,ERICSON 6 WNW, M,3608
1975,BARTLETT 1S, M,3042
1975,SCOTTSBLUFF HEILIG AP,49.5,1
1975,HALSEY 2 W, M,210
1975,STANTON, M,24
1975,BREWSTER, M,664
1975,MITCHELL 5 E, M,123
1975,BARTLETT 9 NW, M,3584
1975,HYANNIS, M,39
1975,OAKDALE,47.4,5
1975,EWING 12 S, M,3654
1975,CHAMBERS, M,908
1975,PURDUM, M,210
1975,MULLEN, M,681
1975,ALLIANCE, M,379
1975,BOX BUTTE EXP STN, M,1509
1975,NW AG LAB, M,2419
1975,WALTHILL, M,1463
1975,ROSE 10 WNW, M,116
1975,ELSMERE, M,110
1975,WAKEFIELD, M,9
1975,EWING, M,9
1975,BROWNLEE, M,991
1975,MULLEN 21 NW, M,959
1975,ELLSWORTH 15 NNE, M,288
1975,NE NEBRASKA EXP STN, M,100
1975,OSMOND, M,460
1975,HEMINGFORD, M,39
1975,AGATE 3 E, M,464
1975,CREIGHTON, M,137
1975,O NEILL, M,63
1975,HAY SPRINGS 12 S, M,109
1975,ATKINSON 3SW, M,96
1975,AINSWORTH, M,7
1975,VALENTINE NWR, M,211
1975,HARTINGTON, M,87
1975,BLOOMFIELD, M,3654
1975,NEWPORT, M,9
1975,NENZEL 20 S, M,979
1975,HAY SPRINGS, M,182
1975,FT ROBINSON, M,2166
1975,HARRISON, M,42
1975,NIOBRARA, M,86
1975,SPENCER 5 SSE, M,3481
1975,SPRINGVIEW, M,43
1975,GORDON 6 N, M,1881
1975,GAVINS POINT DAM, M,110
1975,VALENTINE MILLER FLD,46.8,4
1975,BUTTE, M,26
1985,OMAHA EPPLEY AIRFIELD,50.9,0
1985,CHADRON MUNI AP, M,2964
1985,CHADRON 3 SW, M,1528
1985,BURWELL, M,108
1985,FALLS CITY BRENNER FLD, M,191
1985,BESSY NEBRASKA, M,1172
1985,KINGS CANYON NEBRASKA, M,1818
1985,ENDERS LAKE, M,140
1985,GENEVA, M,21
1985,MINDEN, M,20
1985,HAYES CENTER, M,23
1985,IMPERIAL, M,39
1985,HASTINGS 4 N, M,118
1985,FAIRMONT, M,124
1985,CURTIS 3 NNE, M,246
1985,CRETE, M,136
1985,NEBRASKA CITY 2NW, M,153
1985,SYRACUSE, M,23
1985,KEARNEY 4 NE, M,280
1985,LINCOLN UNIV PWR PLT, M,676
1985,WALLACE 2 W, M,412
1985,WEEPING WATER, M,90
1985,MERRIMAN, M,119
1985,FRANKLIN 2, M,2164
1985,NENZEL 23 SSW, M,494
1985,OVERTON 3 W, M,202
1985,BEATRICE 1N, M,124
1985,CRAWFORD, M,51
1985,CROFTON, M,1326
1985,STAPLETON 5 W, M,1749
1985,OXFORD 7 NW, M,3507
1985,VALLEY 1 WNW, M,3498
1985,MC COOK, M,1752
1985,MCCOOK MUNI AP, M,1943
1985,NORFOLK KARL STEFAN AP,49.6,1
1985,CLAY CTR, M,249
1985,TRYON, M,835
1985,Scottsbluff Area,48.5,0
1985,Grand Island Area,50.9,0
1985,North Platte Area,49.2,0
1985,Lincoln Area,51.7,0
1985,Norfolk Area,49.6,1
1985,Omaha Area,51.2,0
1985,Valentine Area,47.4,0
1985,OMAHA #1, M,3499
1985,OMAHA WSFO, M,219
1985,LINCOLN MUNI AP,51.7,0
1985,YORK, M,59
1985,AURORA, M,42
1985,MADRID, M,50
1985,SEWARD, M,35
1985,GOTHENBURG, M,115
1985,GRAND ISLAND AP,50.9,0
1985,RAVENNA, M,196
1985,ASHLAND 2, M,28
1985,SURPRISE, M,995
1985,OCONTO, M,80
1985,NORTH PLATTE EXP FM, M,53
1985,BIG SPRINGS, M,279
1985,CENTRAL CITY, M,41
1985,NORTH PLATTE RGNL AP,49.2,0
1985,OGALLALA, M,268
1985,SIDNEY MUNI AP, M,2966
1985,SIDNEY 6 NNW, M,184
1985,MEAD 6 S, M,232
1985,OSCEOLA, M,72
1985,HERSHEY 5 SSE, M,125
1985,LODGEPOLE, M,147
1985,WAHOO, M,218
1985,SAINT PAUL, M,484
1985,MASON CITY, M,690
1985,KINGSLEY DAM, M,262
1985,KIMBALL 2NE, M,209
1985,DAVID CITY, M,96
1985,LOUP CITY, M,338
1985,CANADAY STEAM PLT, M,81
1985,SUPERIOR 4E, M,14
1985,HARLAN CO LAKE, M,135
1985,BENKELMAN, M,157
1985,PAWNEE CITY, M,394
1985,FAIRBURY, M,32
1985,RED CLOUD, M,72
1985,FRANKLIN, M,1608
1985,BEAVER CITY, M,87
1985,HEBRON, M,8
1985,TRENTON DAM, M,221
1985,CULBERTSON, M,14
1985,VIRGINIA, M,1206
1985,CAMBRIDGE, M,98
1985,RAGAN, M,2634
1985,AUBURN 5 ESE, M,34
1985,TECUMSEH, M,107
1985,MEDICINE CREEK DAM, M,101
1985,RED WILLOW DAM, M,513
1985,HOLDREGE, M,247
1985,FREMONT, M,37
1985,BROKEN BOW 2 W, M,165
1985,ARNOLD, M,585
1985,OSHKOSH, M,20
1985,DALTON, M,33
1985,COLUMBUS 3 NE, M,43
1985,GENOA 2 W, M,7
1985,NORTH LOUP, M,45
1985,BLAIR, M,333
1985,GREELEY, M,404
1985,COMSTOCK, M,1367
1985,ARTHUR, M,49
1985,ANSELMO 2 SE, M,26
1985,ALBION, M,278
1985,BRIDGEPORT, M,18
1985,HARRISBURG 12WNW, M,35
1985,CLARKSON, M,102
1985,TEKAMAH, M,143
1985,CRESCENT LAKE, M,275
1985,WEST POINT, M,45
1985,MADISON 2W, M,198
1985,ERICSON 6 WNW, M,280
1985,BARTLETT 1S, M,896
1985,SCOTTSBLUFF HEILIG AP,48.5,0
1985,HALSEY 2 W, M,2139
1985,STANTON, M,69
1985,ELGIN, M,1710
1985,BREWSTER, M,1024
1985,MITCHELL 5 E, M,111
1985,HYANNIS, M,468
1985,OAKDALE, M,9
1985,CHAMBERS, M,361
1985,PURDUM, M,1158
1985,MULLEN, M,432
1985,ALLIANCE, M,518
1985,NW AG LAB, M,2776
1985,WALTHILL, M,488
1985,ROSE 10 WNW, M,122
1985,ELSMERE, M,80
1985,WAYNE, M,1614
1985,WAKEFIELD, M,12
1985,EWING, M,32
1985,BROWNLEE, M,682
1985,MULLEN 21 NW, M,65
1985,ELLSWORTH 15 NNE, M,289
1985,NE NEBRASKA EXP STN, M,206
1985,OSMOND, M,231
1985,HEMINGFORD, M,19
1985,AGATE 3 E, M,71
1985,CREIGHTON, M,136
1985,O NEILL, M,216
1985,HAY SPRINGS 12 S, M,195
1985,ATKINSON 3SW, M,179
1985,AINSWORTH, M,12
1985,VALENTINE NWR, M,210
1985,HARTINGTON, M,192
1985,NEWPORT,48.4,5
1985,HAY SPRINGS, M,1055
1985,HARRISON, M,71
1985,RUSHVILLE, M,2068
1985,NIOBRARA, M,40
1985,LYNCH, M,262
1985,SPRINGVIEW, M,108
1985,GORDON 6 N, M,1003
1985,GAVINS POINT DAM, M,210
1985,VALENTINE MILLER FLD,47.4,0
1985,BUTTE, M,41
1995,GORDON 3 W, M,2767
1995,CHAPPELL, M,2194
1995,BAYARD 4 NNE, M,2671
1995,OMAHA EPPLEY AIRFIELD,51.4,1
1995,CHADRON MUNI AP, M,2046
1995,CHADRON 3 SW, M,241
1995,BURWELL, M,655
1995,FALLS CITY BRENNER FLD, M,32
1995,AGATE NEBRASKA, M,1347
1995,BESSY NEBRASKA, M,268
1995,BRAVO 01 NEBRASKA, M,3196
1995,CRESCENT LAKE NEBRASKA, M,2518
1995,ECHO 01 NEBRASKA, M,2059
1995,FOX 01 NEBRASKA, M,3043
1995,KINGS CANYON NEBRASKA, M,261
1995,SCOTTS BLUFF NEBRASKA, M,2473
1995,VALENTINE NEBRASKA, M,3233
1995,WAUNETA, M,2290
1995,ENDERS LAKE, M,1237
1995,GENEVA, M,35
1995,MINDEN, M,37
1995,HAYES CENTER, M,55
1995,IMPERIAL MUNI AP, M,2015
1995,IMPERIAL, M,374
1995,HASTINGS 4 N, M,58
1995,HICKMAN, M,3654
1995,FAIRMONT, M,152
1995,CURTIS 3 NNE, M,436
1995,CRETE, M,484
1995,NEBRASKA CITY 2NW, M,342
1995,SYRACUSE, M,39
1995,ROCA 6NNE, M,3654
1995,EUSTIS 2 NW, M,2436
1995,MOOREFIELD, M,2496
1995,BENNET, M,3642
1995,KEARNEY MUNI AP, M,3289
1995,KEARNEY 4 NE, M,32
1995,LINCOLN UNIV PWR PLT, M,2442
1995,WALLACE 2 W, M,117
1995,WEEPING WATER, M,73
1995,MERRIMAN, M,375
1995,FRANKLIN 2, M,80
1995,NENZEL 23 SSW, M,3343
1995,OVERTON 3 W, M,1777
1995,BEATRICE 1N, M,53
1995,CRAWFORD, M,1726
1995,CROFTON, M,10
1995,BENKELMAN 1SW, M,3650
1995,BENKELMAN 2 SSW, M,3650
1995,PAPILLION, M,3654
1995,STAPLETON 5 W, M,18
1995,NEBRASKA CITY 2, M,3635
1995,OXFORD 7 NW, M,168
1995,VALLEY 1 WNW, M,149
1995,SPRINGFIELD 7 E, M,2227
1995,RULO 2W, M,2436
1995,GRAND ISLAND, M,1428
1995,TRYON 15 NW, M,3623
1995,GRETNA 4 NE, M,2060
1995,HYANNIS 5N, M,1041
1995,ASHBY 20 SSW, M,3463
1995,IMPERIAL 13 N, M,3066
1995,KILGORE 1 NE, M,1521
1995,NORTH PLATTE 10 S, M,1835
1995,VALENTINE #1, M,1814
1995,NORFOLK 4W, M,1180
1995,LODGEPOLE 8N, M,1417
1995,SWAN LAKE, M,1533
1995,MC COOK, M,169
1995,MCCOOK MUNI AP, M,752
1995,NORFOLK KARL STEFAN AP,49.6,0
1995,CLAY CTR, M,237
1995,BENNINGTON 3 WSW, M,3654
1995,FREMONT, M,59
1995,BROKEN BOW #2, M,3617
1995,BROKEN BOW 2 W, M,113
1995,ARNOLD, M,631
1995,OSHKOSH, M,134
1995,DALTON, M,27
1995,BROKEN BOW MUNI AP, M,1688
1995,SCHUYLER, M,3654
1995,COLUMBUS 3 NE, M,36
1995,GENOA 2 W,51,3
1995,NORTH LOUP, M,41
1995,BLAIR, M,1091
1995,GREELEY, M,68
1995,COMSTOCK, M,1193
1995,ARTHUR, M,91
1995,ANSELMO 2 SE, M,51
1995,ORD EVELYN SHARP FLD, M,2056
1995,ALBION, M,208
1995,BRIDGEPORT, M,55
1995,HARRISBURG 12WNW, M,41
1995,UEHLING, M,3654
1995,HOWELLS, M,1014
1995,CLARKSON, M,395
1995,TEKAMAH, M,127
1995,LORETTO 7W, M,3654
1995,CRESCENT LAKE, M,267
1995,WEST POINT, M,34
1995,MADISON 2W, M,197
1995,ERICSON 6 WNW, M,244
1995,BARTLETT 1S, M,388
1995,SCOTTSBLUFF HEILIG AP,49.1,2
1995,STANTON, M,811
1995,ELGIN, M,139
1995,BREWSTER, M,1321
1995,MITCHELL 5 E, M,1384
1995,LINCOLN MUNI AP,51.6,0
1995,YORK, M,64
1995,AURORA, M,203
1995,MADRID, M,114
1995,SEWARD, M,125
1995,UTICA, M,3654
1995,GOTHENBURG, M,43
1995,RAYMOND 2NE, M,1919
1995,GRAND ISLAND AP,51,1
1995,RAVENNA, M,81
1995,ASHLAND 2, M,43
1995,SURPRISE, M,90
1995,OCONTO, M,256
1995,NORTH PLATTE EXP FM, M,71
1995,BIG SPRINGS, M,398
1995,CENTRAL CITY, M,223
1995,NORTH PLATTE RGNL AP,49.2,0
1995,OGALLALA, M,124
1995,SIDNEY MUNI AP, M,583
1995,SIDNEY 6 NNW, M,392
1995,MEAD 6 S, M,45
1995,OSCEOLA, M,27
1995,HERSHEY 5 SSE, M,348
1995,LODGEPOLE, M,65
1995,WAHOO, M,430
1995,SAINT PAUL, M,47
1995,MASON CITY, M,74
1995,KINGSLEY DAM, M,103
1995,POTTER, M,865
1995,KIMBALL 2NE, M,11
1995,BUSHNELL, M,3644
1995,BOYS TOWN, M,3654
1995,DAVID CITY, M,18
1995,LOUP CITY, M,323
1995,HASTINGS MUNI AP, M,581
1995,TEKAMAH MUNI AP, M,623
1995,CANADAY STEAM PLT, M,116
1995,SUPERIOR 4E, M,22
1995,HAIGLER, M,884
1995,HARLAN CO LAKE, M,475
1995,BENKELMAN, M,10
1995,PAWNEE CITY, M,376
1995,WYMORE, M,3654
1995,FAIRBURY, M,125
1995,RED CLOUD, M,85
1995,BEAVER CITY, M,50
1995,HEBRON, M,222
1995,TRENTON DAM, M,17
1995,TABLE ROCK 4 N, M,2278
1995,CULBERTSON, M,14
1995,VIRGINIA, M,61
1995,BEATRICE, M,3478
1995,CAMBRIDGE, M,267
1995,RAGAN, M,214
1995,AUBURN 5 ESE, M,43
1995,TECUMSEH, M,278
1995,MEDICINE CREEK DAM, M,392
1995,RED WILLOW DAM, M,163
1995,HOLDREGE, M,130
1995,SCOTTSBLUFF 1 E, M,2662
1995,BRIDGEPORT 18WSW, M,2603
1995,BROADWATER 3WNW, M,2594
1995,FT CALHOUN 4W, M,2702
1995,BUSHNELL 15S, M,2769
1995,SCOTTSBLUFF 10 N, M,3221
1995,PLAINSVIEW RCH, M,2950
1995,DALTON 13W, M,2980
1995,ANGORA 8 NE, M,3011
1995,HARRISON 9 NE, M,3106
1995,AGATE 5N, M,3219
1995,STANTON 7 NE, M,3137
1995,HARRISON 4 NW, M,3311
1995,CHADRON 3 NE, M,3161
1995,WESTON 3NW, M,3354
1995,HARRISON 20 SSE, M,3162
1995,LINCOLN 8 ENE, M,2604
1995,LINCOLN 11 SW, M,2603
1995,PLATTSMOUTH 1E, M,3654
1995,WHITMAN 5 ENE, M,3542
1995,TRYON, M,1568
1995,Scottsbluff Area,49.1,2
1995,Grand Island Area,51,1
1995,North Platte Area,49.2,0
1995,Lincoln Area,51.6,0
1995,Norfolk Area,49.6,0
1995,Omaha Area,51.4,1
1995,Valentine Area,48.3,5
1995,OMAHA #1, M,924
1995,OMAHA WSFO, M,1068
1995,PILGER, M,3654
1995,HYANNIS, M,3083
1995,OAKDALE,47.9,4
1995,CHAMBERS, M,248
1995,PURDUM, M,656
1995,MULLEN, M,3516
1995,ALLIANCE MUNI AP, M,573
1995,ALLIANCE, M,964
1995,WALTHILL, M,618
1995,ROSE 10 WNW, M,2253
1995,ELSMERE, M,127
1995,WAYNE, M,171
1995,WAKEFIELD, M,20
1995,EWING, M,164
1995,BROWNLEE, M,3188
1995,MULLEN 21 NW, M,582
1995,ELLSWORTH 15 NNE, M,231
1995,NE NEBRASKA EXP STN, M,2549
1995,OSMOND, M,545
1995,HEMINGFORD, M,88
1995,AGATE 3 E, M,93
1995,CREIGHTON, M,369
1995,O NEILL, M,44
1995,HAY SPRINGS 12 S, M,394
1995,ATKINSON 3SW, M,50
1995,AINSWORTH, M,14
1995,VALENTINE NWR, M,1256
1995,HARTINGTON, M,72
1995,BLOOMFIELD, M,1916
1995,NEWPORT, M,13
1995,HAY SPRINGS, M,53
1995,HARRISON, M,188
1995,RUSHVILLE, M,286
1995,NIOBRARA, M,104
1995,LYNCH, M,157
1995,SPRINGVIEW, M,617
1995,GORDON 6 N, M,119
1995,GAVINS POINT DAM, M,3341
1995,VALENTINE MILLER FLD,48.3,5
1995,BUTTE, M,105
2005,CALLAWAY 8WSW, M,1907
2005,GORDON 3 W, M,2961
2005,CHAPPELL, M,664
2005,BAYARD 4 NNE, M,2822
2005,OMAHA EPPLEY AIRFIELD,51.8,0
2005,CHADRON MUNI AP, M,24
2005,CHADRON 3 SW, M,303
2005,BURWELL, M,152
2005,FALLS CITY BRENNER FLD,53.1,1
2005,LEWELLEN, M,1665
2005,FREMONT, M,11
2005,BROKEN BOW 2 W, M,106
2005,ARNOLD, M,867
2005,OSHKOSH, M,22
2005,DALTON, M,10
2005,BROKEN BOW MUNI AP, M,6
2005,COLUMBUS 3 NE, M,14
2005,GENOA 2 W, M,7
2005,NORTH LOUP, M,1995
2005,GREELEY, M,50
2005,ARTHUR, M,50
2005,ANSELMO 2 SE, M,54
2005,ORD EVELYN SHARP FLD, M,7
2005,ALBION, M,1831
2005,BRIDGEPORT, M,159
2005,HARRISBURG 12WNW, M,11
2005,HOWELLS, M,31
2005,TEKAMAH, M,215
2005,TAYLOR, M,961
2005,CRESCENT LAKE, M,371
2005,WEST POINT, M,10
2005,MADISON 2W, M,1469
2005,ERICSON 6 WNW, M,514
2005,BARTLETT 1S, M,380
2005,SCOTTSBLUFF HEILIG AP,49.5,0
2005,MINATARE DAM, M,2494
2005,ELGIN, M,133
2005,MITCHELL 5 E, M,1249
2005,LINCOLN MUNI AP,51.8,0
2005,YORK, M,2351
2005,AURORA, M,2459
2005,MADRID, M,559
2005,SEWARD, M,73
2005,GOTHENBURG, M,50
2005,RAYMOND 2NE, M,113
2005,GRAND ISLAND AP,51.5,0
2005,RAVENNA, M,54
2005,ASHLAND 2, M,212
2005,SURPRISE, M,91
2005,OCONTO, M,212
2005,NORTH PLATTE EXP FM,49.1,0
2005,BIG SPRINGS, M,280
2005,CENTRAL CITY, M,15
2005,NORTH PLATTE RGNL AP,49.3,0
2005,OGALLALA, M,150
2005,SIDNEY MUNI AP, M,17
2005,SIDNEY 6 NNW, M,205
2005,MEAD 6 S, M,33
2005,OSCEOLA, M,10
2005,HERSHEY 5 SSE, M,433
2005,LODGEPOLE, M,59
2005,SAINT PAUL, M,1928
2005,MASON CITY, M,327
2005,KINGSLEY DAM, M,37
2005,POTTER, M,3648
2005,KIMBALL 2NE, M,75
2005,DAVID CITY,49.4,4
2005,LOUP CITY, M,1047
2005,WAUNETA, M,2015
2005,ENDERS LAKE, M,1957
2005,GENEVA, M,16
2005,MINDEN, M,27
2005,HAYES CENTER, M,95
2005,IMPERIAL MUNI AP, M,7
2005,IMPERIAL, M,471
2005,HASTINGS 4 N,50.7,1
2005,FAIRMONT, M,1192
2005,CURTIS 3 NNE, M,472
2005,CRETE, M,399
2005,NEBRASKA CITY 2NW, M,154
2005,SYRACUSE, M,20
2005,FRIEND 3E, M,827
2005,EUSTIS 2 NW,50.1,2
2005,MOOREFIELD, M,2201
2005,KEARNEY MUNI AP, M,58
2005,KEARNEY 4 NE, M,28
2005,WALLACE 2 W, M,103
2005,WEEPING WATER, M,1608
2005,BROADWATER 10SSE, M,2495
2005,AGATE NEBRASKA, M,462
2005,BESSY NEBRASKA, M,34
2005,BRAVO 01 NEBRASKA, M,1188
2005,CRESCENT LAKE NEBRASKA, M,267
2005,ECHO 01 NEBRASKA, M,1317
2005,FOX 01 NEBRASKA, M,1125
2005,KINGS CANYON NEBRASKA, M,69
2005,SCOTTS BLUFF NEBRASKA, M,220
2005,VALENTINE NEBRASKA, M,545
2005,MERRIMAN, M,2222
2005,FRANKLIN 2, M,49
2005,BEATRICE 1N, M,989
2005,CROFTON, M,53
2005,BENKELMAN 1SW, M,3648
2005,BENKELMAN 2 SSW, M,3640
2005,STAPLETON 5 W, M,43
2005,NEBRASKA CITY 2, M,3024
2005,OXFORD 7 NW, M,43
2005,VALLEY 1 WNW, M,27
2005,SPRINGFIELD 7 E, M,781
2005,RULO 2W, M,212
2005,YORK, M,1708
2005,GRETNA 4 NE,50.9,1
2005,HYANNIS 5N, M,2752
2005,HASKELL AG LAB, M,1051
2005,KILGORE 1 NE, M,154
2005,VALENTINE #1, M,271
2005,NORFOLK 4W, M,51
2005,LODGEPOLE 8N, M,75
2005,SWAN LAKE, M,1169
2005,MC COOK, M,77
2005,MCCOOK MUNI AP,52.3,4
2005,NORFOLK KARL STEFAN AP,49.7,2
2005,LEXINGTON KELLY FLD, M,1686
2005,CLAY CTR, M,193
2005,HASTINGS MUNI AP, M,10
2005,TEKAMAH MUNI AP, M,17
2005,CANADAY STEAM PLT, M,100
2005,SUPERIOR 4E, M,125
2005,HAIGLER, M,360
2005,HARLAN CO LAKE, M,539
2005,BENKELMAN,52.5,5
2005,PAWNEE CITY, M,332
2005,FAIRBURY, M,16
2005,RED CLOUD, M,17
2005,BEAVER CITY, M,42
2005,HEBRON, M,184
2005,TRENTON DAM, M,7
2005,TABLE ROCK 4 N, M,55
2005,CULBERTSON, M,51
2005,VIRGINIA, M,2195
2005,BEATRICE, M,3650
2005,EDISON, M,2097
2005,CAMBRIDGE, M,81
2005,RAGAN, M,1894
2005,AUBURN 5 ESE, M,8
2005,TECUMSEH,51.4,2
2005,MEDICINE CREEK DAM, M,267
2005,RED WILLOW DAM, M,842
2005,HOLDREGE, M,69
2005,OAKDALE,47.7,3
2005,CHAMBERS, M,343
2005,PURDUM, M,211
2005,MULLEN, M,1763
2005,ALLIANCE MUNI AP, M,17
2005,ALLIANCE, M,1259
2005,WALTHILL, M,73
2005,ELSMERE, M,185
2005,WAYNE, M,44
2005,WAKEFIELD, M,73
2005,EWING, M,354
2005,MULLEN 21 NW, M,3165
2005,ELLSWORTH 15 NNE, M,2531
2005,OSMOND, M,2461
2005,HEMINGFORD, M,94
2005,AGATE 3 E, M,19
2005,CREIGHTON, M,1283
2005,O NEILL, M,62
2005,HAY SPRINGS 12 S, M,2446
2005,ATKINSON 3SW, M,716
2005,AINSWORTH,49.8,2
2005,VALENTINE NWR, M,255
2005,HARTINGTON, M,112
2005,BLOOMFIELD, M,3419
2005,NEWPORT, M,19
2005,HAY SPRINGS, M,2057
2005,FT ROBINSON, M,529
2005,HARRISON, M,110
2005,RUSHVILLE, M,2324
2005,NIOBRARA, M,3494
2005,NORDEN 6 SSW, M,3647
2005,LYNCH, M,164
2005,SPENCER 5 SSE, M,956
2005,SPRINGVIEW, M,1018
2005,GORDON 6 N, M,123
2005,VALENTINE MILLER FLD,48.4,0
2005,BUTTE, M,93
2005,SCOTTSBLUFF 1 E, M,109
2005,BRIDGEPORT 18WSW, M,95
2005,BROADWATER 3WNW, M,699
2005,FT CALHOUN 4W, M,452
2005,BUSHNELL 15S, M,24
2005,PLAINSVIEW RCH, M,130
2005,DALTON 13W, M,3346
2005,ANGORA 8 NE, M,3361
2005,HARRISON 9 NE, M,231
2005,AGATE 5N, M,3266
2005,STANTON 7 NE, M,40
2005,HARRISON 4 NW, M,223
2005,CHADRON 3 NE, M,1204
2005,WESTON 3NW, M,14
2005,HARRISON 20 SSE, M,18
2005,LINCOLN 8 ENE, M,17
2005,LINCOLN 11 SW, M,17
2005,WHITMAN 5 ENE, M,9
2005,AURORA MUNI AP, M,1692
2005,HOLDREGE BREWSTER FLD AP, M,1678
2005,ALLIANCE 19WNW, M,1639
2005,NIOBRARA 6WSW, M,2660
2005,Scottsbluff Area,49.5,0
2005,Grand Island Area,51.5,0
2005,North Platte Area,49.3,0
2005,Lincoln Area,51.8,0
2005,Norfolk Area,49.7,2
2005,Omaha Area,51.8,0
2005,Valentine Area,48.4,0
2005,MULLEN 15S, M,2302
2005,HEBRON MUNI AP, M,1688
2005,FAIRBURY #2, M,3652
2005,INDIANOLA 1S, M,3523
2005,YORK 3N, M,1328
2005,VIRGINIA 4SSE, M,1473
2005,LODGEPOLE NO 2, M,1513
2005,VERDEL 6SSE, M,1572
2005,ALLIANCE 1WNW 2, M,3265
